変換前,変換後
NEW,新製品
Li-Ion,Li-Ion
40Vmax,40Vmax
Worldwide,Worldwide
Japan,Japan
Cutting boards,カッティングボード
CA,CA
JP,JP
MX,MX
AR,AR
AT,AT
BE,BE
BR,BR
BT,BT
CH,CH
CL,CL
CN,CN
CO,CO
CY,CY
DE,DE
DM,DM
EC,EC
EG,EG
ES,ES
EU,EU
FR,FR
GB,GB
HK,HK
IN,IN
IT,IT
KH,KH
MN,MN
MO,MO
MY,MY
NL,NL
NZ,NZ
PA,PA
PE,PE
PH,PH
PL,PL
QA,QA
RE,RE
RU,RU
SA,SA
SE,SE
SG,SG
SI,SI
TH,TH
TR,TR
TW,TW
UA,UA
VN,VN
ZA,ZA
Net weight,質量
Net weight (Battery),質量（バッテリー含む）
Net weight (Attachment),質量（付属品含む）
Sawing,切断
Air Compressor,エアコンプレッサ
Cordless Air Compressor,充電式エアコンプレッサ
Angle Grinder,ディスクグラインダ
Disc Grinder,ディスクグラインダ
Cordless Angle Grinder,充電式ディスクグラインダ
Cordless Grinder,充電式ディスクグラインダ
Cordless Flat-head Angle Grinder,充電式フラットヘッドグラインダ
Battery Powered Pruning Shears,充電式せん定ハサミ
Cordless Pruning Shears,充電式せん定ハサミ
Bench Grinder,ベンチグラインダ
Petrol Blower,エンジンブロワ
Petrol Blower / Vacuum,エンジンブロワ
Blower,ブロワ
Blower Vacuum,ブロワ
Cordless Blower Vacuum,ブロワ
Cordless Dust Blower,充電式エアダスタ
Battery Powered Blower,充電式ブロワ
Cordless Blower,充電式ブロワ
Electric Blower,電気ブロワ
Petrol Blower,エンジン背負ブロワ
Battery Powered Backpack Blower,充電式背負ブロワ
Mist Blower,エンジンミストブロワ
Petrol Blower,エンジンミストブロワ
Brush Cutter,エンジン刈払機
Petrol Backpack Brushcutter,エンジン刈払機
Petrol Brushcutter,エンジン刈払機
Petrol String Trimmer,エンジン刈払機
String Trimmer,エンジン刈払機
Petrol String Trimmer,エンジン草刈機
String Trimmer,エンジン草刈機
Petrol Backpack Brushcutter,エンジン草刈機
Cordless Brushcutter,充電式草刈機
Battery Powered Grass Trimmer,充電式草刈機
Cordless Grass Trimmer,充電式草刈機
Cordless String Trimmer,充電式草刈機
Cordless Grass Cutter,充電式草刈機
String Trimmer,草刈機
Electric Grass Trimmer,電気草刈機
Electric Trimmer,電気草刈機
String Trimmer,電気草刈機
Cordless Caulking Gun,充電式コーキングガン
Cement Shear,セメントシャー
Cordless Cement Shear,充電式セメントシャー
Chain Mortiser,チェーンノミ
Petrol Chain Saw,エンジンチェンソー
Chain Saw,チェンソー
Telescopic Petrol Pole Saw,テレスコープ式エンジンポールソー
Cordless Chain Saw,充電式チェンソー
Cordless Pole Saw,充電式高枝チェンソー
Cordless Telescopic Pole Saw,充電式高枝チェンソー
Electric Chain Saw,電気チェンソー
Cordless Pruning Saw,充電式ハンディソー、プルーニングソー
Long Reach Pruners,電気高枝チェンソー
Long Reach Pruners,エンジン高枝チェンソー
Chisel Mortiser,5寸カクノミ
Hollow Chisel Mortiser,5寸カクノミ
Hypoid Saw,ハイポイドソー
Plunge Cut Circular Saw,プランジマルノコ
Circular Saw,マルノコ
Cordless Plunge Cut Saw,充電式プランジマルノコ
Cordless Circular Saw,充電式マルノコ
Cordless Rear Handle Saw,充電式リヤハンドルソー
Cordless Dustless Circular Saw,充電式防じんマルノコ
Circular Saw with Dust Collection,防じんマルノコ
Dustless Circular Saw,防じんマルノコ
Coffee Harvester,エンジンコーヒーハーベスタ
Cordless Coffee Maker,充電式コーヒーメーカー
Petrol Power Cutter,エンジンカッタ
Power Cutter,エンジンカッタ
Cutter,カッタ
Angle Cutter,カッタ
Cordless Cutter,充電式カッタ
Cordless Compact Cut Off,充電式カッタ
Cordless Power Cutter,充電式パワーカッタ
Cordless Dustless Cutter,充電式防じんカッタ
Wall Chaser,二列溝切カッタ
Dustless Cutter,防じんカッタ
Cordless Power Scraper,充電式ケレン
Cordless Breaker,充電式ハンマ
Cordless Demolition Hammer,充電式ハンマ
Power Scraper,電動ケレン
Demolition Hammer,電動ハンマ
Electric Breaker,電動ハンマ
Pneumatic Hammer,エアハンマ
Combination Hammer,ハンマドリル
Rotary Hammer,ハンマドリル
Combination Hammer with Dust Extraction,吸じんハンマドリル
Rotary Hammer with Dust Extraction,吸じんハンマドリル
Combination Hammer with Self Dust Collection,集じんハンマドリル
Cordless Combination Hammer,充電式ハンマドリル
Cordless Rotary Hammer,充電式ハンマドリル
Dust Collection System,集じんシステム
Dust Extraction System,集じんシステム
Concrete Vibrator,コンクリートバイブレータ
Battery Powered Concrete Vibrator,充電式コンクリートバイブレータ
Cordless Concrete Vibrator,充電式コンクリートバイブレータ
Cordless Cooler & Warmer Box,充電式保冷温庫
Cordless Fan Jacket,充電式ファンジャケット
Cordless Fan Vest,充電式ファンベスト
Cordless Heated Jacket,充電式暖房ジャケット
Cordless Heated Blanket,充電式暖房ひざ掛け
Cordless Heated Vest,充電式暖房ベスト
Battery Heated Base Layer Shirt,充電式暖房インナー
Petrol Cultivator,ロータリ式エンジン管理機
Cordless Cultivator,充電式耕うん機
Diamond Core Drill,ダイヤコアドリル
Diatec Drill,ダイヤコアドリル
Diamond Core Hammer Drill,ダイヤコア震動ドリル
2-Speed Drill,2スピードドリル
2-Speed Hammer Drill,2スピード震動ドリル
Hammer Drill,2スピード震動ドリル
Angle Drill,アングルドリル
Drill,ドリル
High Speed Drill,ドリル
Boring Drill,ドリル
Borer,ボーラー
Portable Drill Press,ボーラー
High Speed Drill,高速ドリル
Cordless High Speed Drill,高速ドリル
Cordless Angle Drill,充電式アングルドリル
Cordless Drill,充電式ドリル
Hammer Drill,震動ドリル
Electric Drill for Mushroom Cultivating,椎茸ドリル
High Speed Drill,椎茸ドリル
Drill,電気ドリル
4-Speed Drill,電気ドリル
Cordless Hammer Drill,電池 震動ドリル
Uni Drill,電気ユニドリル
Unidrill,電気ユニドリル
Magnetic Drill,磁気ボール盤
Drilling Machine,卓上ボール盤
Driver Drill,ドライバドリル
Cordless Driver Drill,充電式ドライバドリル
Cordless Hammer Driver Drill,充電式震動ドライバドリル
Cordless Percussion Driver Drill,充電式震動ドライバドリル
Cordless Percussn-Driver Drill,充電式震動ドライバドリル
Hammer Driver Drill,震動ドライバドリル
Cordless Drywall Saw,充電式ボードカッタ
Petrol Earth Auger,エンジンアースオーガ
Cordless Earth Auger,充電式アースオーガ
Petrol Edging Trimmer,エッジングトリマ
Petrol Edger,エンジンエッジャ
Cordless Edger,充電式エッジャ
Cordless Fan,充電式ファン
Cordless Fan,充電式産業扇
Cordless Helmet Fan,充電式ヘルメットファン
Portable Ventilation Fan,電気送排風機
Cordless Flashlight,フラッシュライト
Cordless LED Worklight,フラッシュライト
LED Flashlight,フラッシュライト
Rechargeable Flashlight,フラッシュライト
Rechargeable Grab Light,フラッシュライト
Corded and Cordless LED Worklight,充電式LEDスタンドライト
Cordless Worklight,充電式LEDスタンドライト
Rechargeable LED Lantern,充電式LEDランタン
Cordless LED Worklight,充電式LEDワークライト
LED Flashlight,充電式LEDワークライト
Cordless Area Worklight,充電式エリアライト
Rechargeable Flashlight,充電式ヘッドライト
Rechargeable Utility Light,充電式ヘッドライト
Cordless Bar Light,充電式ワークライト
Cordless Flashlight,充電式ワークライト
Cordless Worklight,充電式ワークライト
Rechargeable Flashlight,充電式蛍光灯
Rechargeable Fluorescent Light,充電式蛍光灯
Rechargeable Job Site Light,充電式蛍光灯
Cordless Worklight,充電式スタンドライト
Cordless Worklight,充電式タワーライト
Rechargeable Flashlight,充電式フラッシュライト
Search Light,充電式フラッシュライト
Generator,エンジン発電機
Cordless Grass Shear,充電式芝生バリカン
Cordless Hedge Trimmer,充電式芝生バリカン
Cordless Grass Cutter,充電式芝生バリカン
Grass Shear,芝生バリカン
Cordless Grease Gun,充電式グリスガン
Aluminum Groove Cutter,アルミミゾキリ
Groove Cutter,ミゾキリ
Cordless Cleaner,充電式クリーナ
Heat Gun,ヒートガン
Cordless Heat Gun,充電式ヒートガン
Petrol Hedge Trimmer,エンジンヘッジトリマ
Hedge Trimmer,エンジンポールヘッジトリマ
Petrol Pole Hedge Trimmer,エンジンポールヘッジトリマ
Pole Hedge Trimmer,エンジンポールヘッジトリマ
Hedge Trimmer,ミニ生垣バリカン
Cordless Hedge Trimmer,充電式ポールヘッジトリマ
Cordless Pole Hedge Trimmer,充電式ポールヘッジトリマ
Cordless Hedge Trimmer,充電式ミニ生垣バリカン
Cordless Hedge Trimmer,充電式ヘッジトリマ
Hedge Trimmer,ヘッジトリマ
Hot Power Washer,温水高圧洗浄機
High Pressure Washer,高圧洗浄機
Power Washer,高圧洗浄機
Cordless High Pressure Washer,充電式高圧洗浄機
Cordless Pressure Washer,充電式高圧洗浄機
Petrol High Pressure Washer,エンジン高圧洗浄機
Cordless Hole Puncher,充電式パンチャ
Hole Puncher,電動パンチャ
HUCK Rechargeable Battery Tool,充電式ハックボルトツール
Impact Driver,インパクトドライバ
Impulse driver,インパクトドライバ
Pneumatic Impact Driver,高圧エアインパクトドライバ
Cordless 4 Mode Impact Driver,充電式4モードインパクトドライバ
Cordless Angle Impact Driver,充電式アングルインパクトドライバ
Cordless Impact Driver,充電式インパクトドライバ
Cordless Oil-Impulse Driver,充電式ソフトインパクトドライバ
Cordless Oil-Pulse Driver,充電式ソフトインパクトドライバ
Pneumatic Impact Driver,エアインパクトドライバ
Impact Wrench,インパクトレンチ
Cordless Angle Impact Wrench,充電式アングルインパクトレンチ
Cordless Impact Wrench,充電式インパクトレンチ
Cordless Ratchet Wrench,充電式ラチェットレンチ
Cordless Angle Socket Driver,電池アングルドライバ
Cordless Inflator,充電式空気入れ
Jig Saw,ジグソー
Cordless Jig Saw,充電式ジグソー
Cordless Kettle,充電式ケトル
Laser Distance Measure,レーザー距離計
Ultrasonic Measure,レーザー距離計
Cross Line Laser,レーザー墨出し器
Laser Level,レーザー墨出し器
Line-Point Laser,レーザー墨出し器
Rechargeable Green 4-point Cross Line Laser,充電式4ポイント・クロスラインレーザー
Rechargeable Red 4-point Cross Line Laser,充電式4ポイント・クロスラインレーザー
Rechargeable Red Cross Line Laser,充電式クロスラインレーザー
Rechargeable Green Cross Line Laser,充電式レーザー墨出し器
Rechargeable Green Multi Line Laser,充電式レーザー墨出し器
Rechargeable Red Multi Line Laser,充電式レーザー墨出し器
Multi Line Laser,充電式屋内・屋外兼用墨出し器
Rechargeable Green Multi Line Laser,充電式屋内・屋外兼用墨出し器
Laser Level,充電式回転レーザー
Rechargeable Rotary Laser,充電式回転レーザー
Laser Level,回転レーザー
Laser Level,屋内・屋外兼用墨出し器
Multi Line Laser,屋内・屋外兼用墨出し器
Petrol Lawn Mower,エンジン芝刈機
Petrol Mulching Mower,エンジン芝刈機
Petrol Slope Mower,エンジン芝刈機
Cordless Lawn Mower,充電式芝刈機
Battery Powered Lawn Mower,充電式芝刈機
Lawn Mower,充電式芝刈機
Electric Lawn Mower,電気芝刈機
Lawn Mower,電気芝刈機
Lawn Tractor,乗用芝刈機
Log Splitter,薪割機
Metal Cutter,チップソーカッタ
Tipped Saw Cutter,チップソーカッタ
Metal Cutting Saw,チップソー切断機
Cordless Metal Cutter,充電式チップソーカッタ
Cordless Steel Rod Cutter,充電式チップソーカッタ
Cordless Portable Cut-off,充電式切断機
Cut-Off,切断機
Portable Cut-off,切断機
Air Plasma Cutter,切断機
Angle Processing Machine,切断機
Metal Cutting Saw,充電式チップソー切断機
Cordless Microwave,充電式電子レンジ
Slide Compound Miter Saw,スライドマルノコ
Slide Compound Saw,スライドマルノコ
Table Top Miter Saw,テーブルマイタソー
Flip Over Saw,フリップオーバーソー
Table Saw,マルノコ盤
Cordless Slide Compound Miter Saw,充電式スライドマルノコ
Cordless Compound Miter Saw,充電式卓上マルノコ
Cordless Miter Saw,充電式卓上マルノコ
Compound Miter Saw,卓上マルノコ
Miter Saw,卓上マルノコ
Mixer,カクハン機
Power Mixer,カクハン機
Cordless Mixer,充電式カクハン機
Motor-Assisted Bicycle,電動アシスト自転車
Cordless Multi Cutter,充電式マルチカッタ
Multi Function Power Head,スプリット式エンジン刈払機
Cordless Multi Function Power Head,充電式スプリットモータ
Multi Tool,マルチツール
Cordless Multi Tool,充電式マルチツール
Air Nailer,エア釘打
Construction Coil Nailer,エア釘打
Pneumatic Coil Nailer,エア釘打
Pneumatic Framing Nailer,エア釘打
Pneumatic Nailer,エア釘打
Pneumatic Pallet Coil Nailer,エア釘打
Pneumatic Roofing Coil Nailer,エア釘打
Pneumatic Japanese-Style Ceilings Nailer,エア釘打
Pneumatic Metal Roofing Nailer,エア釘打
Pneumatic Siding Boards Nailer,エア釘打
Pneumatic Steel Plates Nailer,エア釘打
Pneumatic Wave Corrugated Stapler,エア釘打
Cordless Clipped Head Framing Nailer,ガス釘打
Cordless Concrete Nailer,コンクリート用ガスピン打ち機
Pneumatic Concrete Nailer,コンクリート用高圧エアピン打ち機
Air Nailer,バラ釘打
Hand Collator,バラ釘打
Pin Nailer,ピンタッカ
Pneumatic Pin Nailer,ピンタッカ
Construction Coil Nailer,高圧エア釘打
Pneumatic Coil Nailer,高圧エア釘打
Pneumatic Roofing Coil Nailer,高圧エア釘打
High Pressure Siding Coil Nailer,高圧エア釘打
Pneumatic Pin Nailer,高圧ピンタッカ
Pneumatic Pallet Coil Nailer,梱包用エア釘打
Pin Nailer,仕上釘打
Pneumatic Brad Nailer,仕上釘打
Pneumatic Finish Nailer,仕上釘打
Pneumatic Framing Nailer,仕上釘打
Pneumatic Nailer,仕上釘打
Pneumatic Nailer,仕上釘打
Cordless Pin Nailer,充電式ピンタッカ
Cordless Brad Nailer,充電式仕上釘打
Cordless Finish Nailer,充電式仕上釘打
Cordless Framing Nailer,充電式釘打
Pneumatic Brad Nailer,エア高圧ブラッド釘打
Cordless Olive Harvester,充電式オリーブハーベスタ
Planer,カンナ
Power Planer,カンナ
Curved Planer,カンナ
Planer,自動カンナ
Planer Jointer,自動カンナ
Cordless Planer,充電式カンナ
Concrete Planer,コンクリートカンナ
Wood Surfacer,電気超仕上カンナ
Plate Joiner,ジョイントカッタ
Cordless Plate Joiner,充電式ジョイントカッタ
Band Saw,バンドソー
Metal Band Saw,バンドソー
Portable Band Saw,ポータブルバンドソー
Cordless Portable Band Saw,充電式ポータブルバンドソー
Portable Power Pack,ポータブル電源ユニット
Pump,エンジンポンプ
Outdoor Pump,エンジンポンプ
Submersible Pump,水中ポンプ
Shallow Well Pump,電気ポンプ
Job Site Charger Radio,充電機能付ラジオ
Cordless Job Site Speaker,充電式スピーカ
Flashlight Radio,充電式ライト付ラジオ
Job Site DAB Radio,充電式ラジオ
Job Site DAB/DAB+ Radio,充電式ラジオ
Job Site Radio,充電式ラジオ
Rechargeable Battery Cordless Radio,充電式ラジオ
Cordless Radio with Lantern,充電式ランタン付ラジオ
Cordless Rebar Tying Tool,充電式鉄筋結束機
Recipro Saw,レシプロソー
Cordless Recipro Saw,充電式レシプロソー
Cordless Rivet Gun,充電式リベッタ
Robotic Cleaner,ロボットクリーナ
Rotary Scissors Attachment,ロータリーハサミ刃アタッチメント
Snow Blower Attachment,除雪アタッチメント
Weeding Attachment,除草アタッチメント
Blower Attachment,ブロワアタッチメント
（芝生バリカン用ACC？）,ロングハンドルアタッチメント
Power Brush Attachment,ブラシアタッチメント
Ground Trimmer Attachment,グラウンドトリマアタッチメント
Edger Attachment,エッジャアタッチメント
Brushcutter Attachment,草刈アタッチメント
Grass Trimmer Attachment,草刈アタッチメント
String Trimmer Attachment,草刈アタッチメント
Grass Trimmer Attachment,刈払アタッチメント
String Trimmer Attachment,刈払アタッチメント
Coffee Harvester Attachment,コーヒーハーベスタアタッチメント
Cultivator Attachment,カルチベータアタッチメント
Hedge Trimmer Attachment,ヘッジトリマアタッチメント
Pole Hedge Trimmer Attachment,ヘッジトリマアタッチメント
Pole Saw Attachment,ポールソーアタッチメント
Power Sweep Attachment,パワースイープアタッチメント
Pump Attachment,ポンプアタッチメント
Shaft Extension Attachment,延長ポールアタッチメント
Sash Router,サッシルータ
Trimmer,トリマ
Cut-out Tool,ボードトリマ
Router,ルータ
Dado Router,ルータ
Cordless Trimmer,充電式トリマ
Cordless Cut-Out Tool,充電式ボードトリマ
Cordless Router,充電式ルータ
Orbital Sander,オービタルサンダ
Sander Polisher,サンダポリッシャ
Angle Sander,ディスクサンダ
Disc Sander,ディスクサンダ
Belt Sander,ベルトサンダ
Polisher,ポリッシャ
Car Polisher,ポリッシャ
Random Orbit Sander,ランダムオービットサンダ
Dual Action Sander,ランダムオービットサンダ
Random Orbit Sander,ランダムオービットサンダ
Random Orbit Polisher,ランダムオービットポリッシャ
Finishing Sander,仕上サンダ
Cordless Sander Polisher,充電式サンダポリッシャ
Cordless Drywall Sander,充電式ドライウォールサンダ
Cordless Belt Sander,充電式ベルトサンダ
Cordless Pipe Belt Sander,充電式ベルトサンダ
Battery Powered Random Orbit Sander,充電式ランダムオービットサンダ
Cordless Random Orbit Sander,充電式ランダムオービットサンダ
Cordless Random Orbit Polisher,充電式ランダムオービットポリッシャ
Cordless Finishing Sander,充電式仕上サンダ
Stone Polisher,電子石材用ポリッシャ
Cordless Finishing Sander,充電式防じんミニサンダ
Battery Powered Orbital Sander,充電式オービタルサンダ
Cordless Polisher,充電式ポリッシャ
Electric Scarifier,電気スカリファイヤ
Cordless Scarifier,充電式スカリファイヤ
Scarifier Gasoline,エンジンスカリファイヤ
2-Speed Screwdriver,2スピードスクリュードライバ
Auto Feed Screwdriver,オートパックスクリュードライバ
Drywall Screwdriver,スクリュードライバ
Screwdriver,スクリュードライバ
Drywall Screwdriver,ボード用スクリュードライバ
Pneumatic Auto Feed Coil Screwdriver,高圧エアビス打ち機
Cordless Angle Screwdriver,充電式アングルスクリュードライバ
Cordless Auto Feed Screwdriver,充電式オートパックスクリュードライバ
Cordless Angle Socket Driver,充電式スクリュードライバ
Cordless Screwdriver,充電式スクリュードライバ
In-Line Cordless Screwdriver,充電式ペンスクリュードライバ
Battery Drywall Screwdriver,充電式ボード用スクリュードライバ
Pneumatic Screwdriver,高圧エアスクリュードライバ
Scroll Saw,糸ノコ盤
Shear Wrench,シャーレンチ
Angle Control Wrench,シャーレンチ
Cordless Shear Wrench,充電式シャーレンチ
Metal Shear,シャー
Shear,シャー
Straight Shear,シャー
Straight Metal Shear,ストレートシャー
Straight Shear,ストレートシャー
Nibbler,ニブラ
Cordless Metal Shear,充電式ストレートシャー
Cordless Straight Shear,充電式ストレートシャー
Cordless Nibbler,充電式ニブラ
Cordless Metal Shear,充電式シャー
Electric Shredder,ガーデンシュレッダ
Shredder,ガーデンシュレッダ
Shredder,エンジンガーデンシュレッダ
Die Grinder,ハンドグラインダ
Die Grinder,ミニグラインダ
Mini Grinder,ミニグラインダ
Cordless Die Grinder,充電式ハンドグラインダ
Sprayer,エンジン噴霧器
Cordless Garden Sprayer,充電式噴霧器
Sprayer,充電式噴霧器
Cordless Spray Gun,充電式噴霧器
Air Tacker,エアタッカ
Medium Crown Stapler,エアタッカ
Narrow Crown Stapler,エアタッカ
Pneumatic Stapler,エアタッカ
Wide Crown Stapler,エアタッカ
Hammer Tacker,ハンマタッカ
Medium Crown Stapler,高圧フロアタッカ
Narrow Crown Stapler,高圧フロアタッカ
Cordless Narrow Crown Stapler,充電式タッカ
Cordless Stapler,充電式タッカ
Cordless Narrow Crown Stapler,充電式フロアタッカ
Pneumatic Stapler,高圧エアタッカ
Cordless Steel Rod Cutter,充電式全ネジカッタ
Cordless Threaded Rod Cutter,充電式全ネジカッタ
Cordless Steel Rod Cutter,充電式鉄筋カッタ
Steel Rod Cutter,鉄筋カッタ
Stone Grinder,石材グラインダ
Straight Grinder,ポータブルグラインダ
Blade Sharpener,研磨機
Sharpener,研磨機
Planer Blade Sharpner,研磨機
T.C.T. Saw Blade Sharpener,研磨機
Tapper,タッパー
Corded and Cordless Vacuum Cleaner,ハイブリッド集じん機
Dust Collector,集じん機
Vacuum Cleaner,集じん機
Portable Vacuum Cleaner,集じん機
Small Vacuum Cleaner,集じん機
Cordless Upright Cleaner,充電式アップライトクリーナ
Cordless Cyclone Cleaner,充電式サイクロンクリーナ
Cordless Portable Vacuum Cleaner,充電式集じん機
Cordless Vacuum Cleaner,充電式集じん機
Cordless Backpack Vacuum Cleaner,充電式背負集じん機
Cordless Backpack Vacuum Cleaner,充電式背負クリーナ
Cordless Vacuum Cleaner,充電式ドライクリーナ
Cordless Vacuum Pump,充電式真空ポンプ
Rechargeable Wall Scanner,充電式ウォールディテクタ
Wheel Sander,ホイールサンダ
Battery Powered Wheelbarrow,充電式運搬車
Battery,バッテリ
AA Battery Pack,バッテリ
Power Source Kit,バッテリ
Portable Power Pack,【使用不可】ポータブル電源ユニット
Portable Battery Checker,バッテリチェッカ
Battery Charging Case,充電器
Charger,充電器
Fast Charger,充電器
Automatic Refreshing Adapter,充電器
Refreshing Adapter,充電器
Two Port Multi Charger,充電器
Two Port Multi Fast Charger,充電器
Adapter for USB,シガーソケット用アダプタ
Adapter for USB,USB用アダプタ
Battery Adapter,バッテリアダプタ
Battery Converter,バッテリアダプタ
Interchangeable Adapter,バッテリアダプタ
Power Converter,DC/ACインバーター
Robotic Mower,ロボットモア
Primary Fastening Wrench,一次締めレンチ
Bridge Primary Fastening Wrench,一次締めレンチ
Cordless primary fastening wrench,充電式一次締めレンチ
Cordless Vacuum Sweeper,充電式スイーパ
Cordless Polisher Scrubber,充電式スクラバー
Cordless Cable Cutter,充電式ケーブルカッタ
Cordless Crimper,充電式圧縮機
Cordless Crimper,充電式圧着機
Chain Hoist,ホイスト
Power Trowel,コテ
Cordless Job Site Television With Radio,テレビ
Cordless Backpack Mist Blower,充電式背負ミストブロワ
Pneumatic Nail Puller,エア釘抜
Rebar Bender,電気鉄筋ベンダ
Tenonning Machine,電気ホゾキリ
